batsman,batsman_runs
V Kohli,77
SK Raina,76
RG Sharma,68
DA Warner,67
RV Uthappa,65
S Dhawan,63
MS Dhoni,61
G Gambhir,58
AB de Villiers,56
CH Gayle,56
AM Rahane,55
KD Karthik,52
AT Rayudu,47
SR Watson,47
BB McCullum,44
YK Pathan,39
PA Patel,39
MK Pandey,37
SE Marsh,37
SR Tendulkar,37
M Vijay,36
Yuvraj Singh,36
V Sehwag,35
DR Smith,35
JH Kallis,34
R Dravid,32
KA Pollard,30
SPD Smith,30
SV Samson,30
MEK Hussey,28
F du Plessis,28
JP Duminy,28
KL Rahul,26
RR Pant,26
AC Gilchrist,26
SS Iyer,26
MK Tiwary,25
AJ Finch,23
S Badrinath,23
DA Miller,23
AD Russell,23
DPMD Jayawardene,23
KC Sangakkara,23
Q de Kock,22
SC Ganguly,21
KK Nair,21
BJ Hodge,21
KS Williamson,20
DJ Hussey,19
CA Lynn,19
WP Saha,18
Mandeep Singh,18
GJ Maxwell,18
TM Dilshan,17
ML Hayden,17
LMP Simmons,17
SS Tiwary,16
JC Buttler,16
MA Agarwal,16
M Vohra,15
DJ Bravo,15
CL White,15
KP Pietersen,15
AS Yadav,15
RA Jadeja,15
A Symonds,14
N Rana,14
KH Pandya,13
MC Henriques,12
HH Pandya,12
LRPL Taylor,11
SP Narine,11
Y Venugopal Rao,11
RA Tripathi,11
NV Ojha,11
HH Gibbs,11
KM Jadhav,11
EJG Morgan,10
Ishan Kishan,10
IK Pathan,10
ST Jayasuriya,10
STR Binny,10
GC Smith,9
JD Ryder,8
E Lewis,8
GJ Bailey,8
AD Mathews,8
Shakib Al Hasan,8
P Shaw,7
JA Morkel,7
BA Stokes,7
MP Stoinis,7
AR Patel,7
SA Asnodkar,7
J Bairstow,7
CJ Anderson,7
HM Amla,6
MS Bisla,6
V Shankar,6
AM Nayar,6
OA Shah,6
MV Boucher,6
RS Bopara,6
S Gill,6
Harbhajan Singh,6
JP Faulkner,6
S Sohal,6
TL Suman,6
SA Yadav,6
SN Khan,6
PC Valthaty,5
M Manhas,5
Azhar Mahmood,5
C de Grandhomme,5
DB Ravi Teja,5
AL Menaria,5
NLTC Perera,5
MJ Lumb,5
CH Morris,5
MJ Guptill,5
M Ali,4
VVS Laxman,4
CA Pujara,4
J Botha,4
TM Head,4
DJ Hooda,4
RN ten Doeschate,4
JR Hopes,4
SP Goswami,3
GH Vihari,3
A Hales,3
LR Shukla,3
SP Fleming,3
FY Fazal,3
SM Katich,3
PD Collingwood,3
JEC Franklin,3
Gurkeerat Singh,3
N Pooran,3
BJ Rohrer,3
P Negi,3
SW Billings,3
MR Marsh,3
UBT Chand,3
MN van Wyk,3
LA Pomersbach,3
R Parag,3
CM Gautam,3
LJ Wright,2
SM Pollock,2
JJ Roy,2
M Kaif,2
MN Samuels,2
S Vidyut,2
KV Sharma,2
MD Mishra,2
A Ashish Reddy,2
AB McDonald,2
Salman Butt,2
N Saini,2
C Munro,2
AP Tare,2
AC Voges,2
AC Blizzard,2
AS Raut,2
CR Brathwaite,2
R McLaren,2
BCJ Cutting,2
W Jaffer,2
D Short,2
BB Samantray,2
AP Majumdar,2
AA Jhunjhunwala,2
Niraj Patel,2
Ankit Sharma,2
DT Christian,2
YV Takawale,2
RE van der Merwe,2
UT Khawaja,2
A Mishra,2
DB Das,2
R Ashwin,2
B Chipli,2
DJ Harris,2
DH Yagnik,2
Misbah-ul-Haq,2
C Ingram,2
MC Juneja,1
P Dogra,1
KK Cooper,1
Anirudh Singh,1
K Rabada,1
RJ Quiney,1
AP Dole,1
P Kumar,1
S Hetmyer,1
Kamran Akmal,1
K Gowtham,1
S Curran,1
L Livingstone,1
LA Carseldine,1
AB Barath,1
AB Agarkar,1
PA Reddy,1
Washington Sundar,1
Y Nagar,1
S Anirudha,1
Rashid Khan,1
MF Maharoof,1
RR Sarwan,1
K Goel,1
SB Styris,1
RE Levi,1
Iqbal Abdulla,1
J Suchith,1
MS Gony,1
Mohammad Nabi,1
D Wiese,1
SD Chitnis,1
Sachin Baby,1
DJ Jacobs,1
DJ Thornely,1
HV Patel,1
DJG Sammy,1
R Singh,1
JDP Oram,1
Bipul Sharma,1
DL Chahar,1
SK Warne,1
H Klaasen,1
TG Southee,1
MJ Clarke,1
S Rutherford,1
Shahid Afridi,1
Parvez Rasool,0
RR Raje,0
Pankaj Singh,0
RR Rossouw,0
R Bhatia,0
RR Powar,0
RD Chahar,0
R Ninan,0
R Rampaul,0
R Salam,0
RJ Peterson,0
R Sathish,0
R Sharma,0
R Shukla,0
RP Singh,0
RR Bhatkal,0
R Dhawan,0
R Bishnoi,0
R Bhui,0
R Tewatia,0
R Vinay Kumar,0
RJ Harris,0
RG More,0
SJ Srivastava,0
RS Gavaskar,0
RS Sodhi,0
U Kaul,0
TS Mills,0
TR Birt,0
TM Srivastava,0
TD Paine,0
TA Boult,0
T Thushara,0
T Taibu,0
T Kohli,0
T Henderson,0
T Curran,0
Swapnil Singh,0
Sunny Singh,0
Sunny Gupta,0
Sohail Tanvir,0
Shoaib Malik,0
Shoaib Akhtar,0
UA Birla,0
UT Yadav,0
Umar Gul,0
WD Parnell,0
Younis Khan,0
Yashpal Singh,0
YS Chahal,0
YA Abdulla,0
Y Gnaneswara Rao,0
X Thalaivan Sargunam,0
WPUJC Vaas,0
WA Mota,0
V Pratap Singh,0
Vishnu Vinod,0
VY Mahesh,0
VS Yeligati,0
VS Malik,0
VRV Singh,0
VR Aaron,0
VH Zol,0
Shoaib Ahmed,0
Shivam Sharma,0
Sandeep Sharma,0
S Kaushik,0
S Randiv,0
S Rana,0
S Narwal,0
S Nadeem,0
S Mavi,0
S Lamichhane,0
S Ladda,0
S Kaul,0
S Singh,0
S Gopal,0
S Dube,0
S Chanderpaul,0
S Badree,0
S Aravind,0
RV Gomez,0
RT Ponting,0
S Sharma,0
S Sreesanth,0
SW Tait,0
PSP Handscomb,0
SS Shaikh,0
SP Jackson,0
SN Thakur,0
SMSM Senanayake,0
SM Harwood,0
SL Malinga,0
SK Trivedi,0
SE Bond,0
S Sriram,0
SD Lad,0
SB Wagh,0
SB Joshi,0
SB Jakati,0
SB Bangar,0
SA Abbott,0
S Tyagi,0
PV Tambe,0
M Ntini,0
PR Shah,0
Harpreet Singh,0
DE Bollinger,0
DAJ Bracewell,0
D du Preez,0
D Shorey,0
D Salunkhe,0
D Kalyankrishna,0
CRD Fernando,0
CR Woakes,0
CK Langeveldt,0
CK Kapugedera,0
CJ McKay,0
CJ Jordan,0
CJ Ferguson,0
CA Ingram,0
C Nanda,0
C Madan,0
Basil Thampi,0
BR Dunk,0
BMAJ Mendis,0
DJ Muthuswami,0
DL Vettori,0
DM Bravo,0
FH Edwards,0
H Viljoen,0
H Vihari,0
H Gurney,0
H Das,0
H Brar,0
GR Napier,0
GD McGrath,0
GB Hogg,0
F Behardien,0
DNT Zoysa,0
ER Dwivedi,0
DW Steyn,0
DT Patil,0
DS Lehmann,0
DS Kulkarni,0
DR Martyn,0
DP Vijaykumar,0
DP Nannes,0
BJ Haddin,0
BE Hendricks,0
BB Sran,0
A Singh,0
AC Thomas,0
AB Dinda,0
AA Noffke,0
AA Chavan,0
AA Bilakhia,0
A Zampa,0
A Uniyal,0
A Turner,0
A Nehra,0
AD Nath,0
A Mukund,0
A Mithun,0
A Kumble,0
A Joseph,0
A Flintoff,0
A Dananjaya,0
A Choudhary,0
A Chopra,0
AD Mascarenhas,0
AF Milne,0
BAW Mendis,0
Anureet Singh,0
BA Bhatt,0
B Sumanth,0
B Stanlake,0
B Lee,0
B Laughlin,0
B Kumar,0
B Akhil,0
Avesh Khan,0
Ankit Soni,0
AG Murtaza,0
Abdur Razzak,0
AUK Pathan,0
AS Rajpoot,0
AR Bawne,0
AN Ghosh,0
AN Ahmed,0
AJ Tye,0
AG Paunikar,0
Harmeet Singh,0
I Malhotra,0
PP Ojha,0
I Sharma,0
Mohammad Asif,0
Mohammad Ashraful,0
Mashrafe Mortaza,0
MS Wade,0
MM Sharma,0
MM Patel,0
MJ McClenaghan,0
MG Johnson,0
MDKJ Perera,0
MA Starc,0
MA Khote,0
M de Lange,0
M Wood,0
M Ur Rahman,0
M Santner,0
M Rawat,0
A Chandila,0
M Muralitharan,0
M Morkel,0
Mohammad Hafeez,0
Mohammed Shami,0
Mohammed Siraj,0
P Krishna,0
PP Chawla,0
PM Sarvesh Kumar,0
PJ Sangwan,0
PJ Cummins,0
P Sahu,0
P Raj,0
P R Barman,0
P Parameswaran,0
P Chopra,0
Mustafizur Rahman,0
P Awana,0
NS Naik,0
NM Coulter-Nile,0
NL McCullum,0
NJ Rimmington,0
NJ Maddinson,0
ND Doshi,0
N Naik,0
M Markande,0
M Lomror,0
M Klinger,0
J Theron,0
JO Holder,0
JM Kemp,0
JJ van der Wath,0
JJ Bumrah,0
JE Taylor,0
JDS Neesham,0
JD Unadkat,0
J Yadav,0
J Syed Mohammad,0
Joginder Sharma,0
J Searles,0
J Denly,0
J Arunkumar,0
J Archer,0
Imran Tahir,0
IR Jaggi,0
IC Pandey,0
I Sodhi,0
Jaskaran Singh,0
K Ahmed,0
M Kartik,0
Karanveer Singh,0
M Ashwin,0
LPC Silva,0
LH Ferguson,0
L Ronchi,0
L Plunkett,0
L Balaji,0
L Ablish,0
Kuldeep Yadav,0
Kamran Khan,0
K Paul,0
KW Richardson,0
KP Appanna,0
KMDN Kulasekara,0
KJ Abbott,0
KC Cariappa,0
KB Arun Karthik,0
KAJ Roach,0
K Upadhyay,0
Z Khan,0
